"Title","video_url","Published_date","Views"
"Rickards Warns Of A 40% Crash After A ‚ÄòSevere Recession‚Äô","https://www.youtube.com/watch?v=ynWvXiMoN4w","2023-05-26",6325
"Harry Dent Predicts A 92% Crash Coming June 2023","https://www.youtube.com/watch?v=RH4vpH_cWWw","2023-05-11",18382
"1929 Like Depression By 2025 | Simon Hunt","https://www.youtube.com/watch?v=YJFQALw3rGc","2023-05-03",7153
"How Paul Tudor Jones Made Over 100% Yearly Returns (1985-1989)","https://www.youtube.com/watch?v=nPJxs-p0zDQ","2023-04-28",2781
"Jeremy Grantham Alerts Of A 50% Market Crash Starting May 1 2023","https://www.youtube.com/watch?v=pkbZdztUzTw","2023-04-11",243648
"How George Soros Achieved A 35% Return Per Year (5 Strategies)","https://www.youtube.com/watch?v=_rya8T92UJ8","2023-03-17",6481
"Stocks Michael Burry Is Buying & Selling As The Market Falls","https://www.youtube.com/watch?v=vO159-e0YTE","2023-02-01",13305
"Charlie Munger: How To Invest In 2023","https://www.youtube.com/watch?v=V60GSBNyKNI","2023-01-20",8520
"Warren Buffett: 9 Investing Tips For 2023","https://www.youtube.com/watch?v=-NIs_Vv6bR8","2023-01-13",10841
"5 Stocks Bill Gates Is Buying As The Stock Market Falls","https://www.youtube.com/watch?v=2e3VvPHm4VI","2023-01-03",206858
"How To Invest In Stocks For Beginners In 2023","https://www.youtube.com/watch?v=aod3cyUEu4k","2022-12-26",286423
"Jim Simons: How To Achieve a 66% Return Per Year (7 Strategies)","https://www.youtube.com/watch?v=cm7kkHtZiJA","2022-11-17",298485
"Saudi Arabia Want To Join BRICS. Is This The Next Global Force?","https://www.youtube.com/watch?v=RyH0RF9nVG4","2022-10-21",23974
"Michael Burry Calls For A Collapse In These Particular Stocks","https://www.youtube.com/watch?v=s5BQtSaaIik","2022-10-09",28263
"Should You Buy Gold | Warren Buffett Vs Ray Dalio On Gold","https://www.youtube.com/watch?v=Ob1Z9R19Mjg","2022-08-24",31236
"5 Experts Talk China‚Äôs Economic Crisis","https://www.youtube.com/watch?v=t0jRd9VJ0Jo","2022-08-15",17793
"Why The IMF Is Warning of Upcoming Recessions","https://www.youtube.com/watch?v=QCm6C3p33lU","2022-07-20",7669
"The FED Failed In 2018 & Now We‚Äôre Paying The Price w/ Peter Grandich","https://www.youtube.com/watch?v=dssfEKLkADo","2022-07-17",4958
"The Market Melt Up Will Turn To A GLOBAL BUST In 2023 | David Hunter","https://www.youtube.com/watch?v=jGS8o9Ye-H8","2022-07-01",30529
"How Michael Burry Is Preparing For The Market Crash 2.0","https://www.youtube.com/watch?v=HEOpY5jN4FI","2022-06-29",23013
"Why We Bought Alibaba Stock: A Deep Dive Into Baba w/ Investing With Tom","https://www.youtube.com/watch?v=m_t8iNER2-A","2022-06-13",8638
"Sven Carlin Teaches His Strategy On How To Invest, Stock Crashes & How To Get Rich","https://www.youtube.com/watch?v=6m881zKRRtI","2022-06-08",5360
"Plain Bagel Interview On How To Invest, Market Crashes, Inflation & More","https://www.youtube.com/watch?v=JG3lqtRSAxk","2022-06-04",6523
"Jeremy Grantham: We‚Äôre In The 3rd Great Investment Bubble Of My Career","https://www.youtube.com/watch?v=3f6gdcBnqWE","2022-06-02",18213
"Charlie Mungers 10 Principles To Get High Investing Returns","https://www.youtube.com/watch?v=6IaIE-nOIK8","2022-05-26",9185
"Cathie Wood Is Investing Heavily Into This Particular Stock. Here‚Äôs why","https://www.youtube.com/watch?v=J4T1j9nd8as","2022-05-19",10087
"Why Michael Burry Thinks 2022 Is Similar To 1929 & 2000","https://www.youtube.com/watch?v=hbqcjgpXsno","2022-05-14",39867
"Why Buffett & Munger Think This Asset Will Likely Crash To $0","https://www.youtube.com/watch?v=Yy_pxgJjbxk","2022-05-07",12014
"Benjamin Graham: How To Beat The Market Every Year (6 Investing Ideas)","https://www.youtube.com/watch?v=Ii1dzWAhdls","2022-05-01",64199
"Will We Actually See A 2022 Recession With The Yield Curve Inversion?","https://www.youtube.com/watch?v=2sOjr-UWx-w","2022-04-20",18432
"Warren Buffett Trolls Charlie Munger On His Costco Obsession","https://www.youtube.com/watch?v=oSdkBze29cs","2022-04-12",14708
"Warren Buffett Is Buying These 2 Stocks Like Crazy. Here‚Äôs why","https://www.youtube.com/watch?v=-PwqJRfMqE8","2022-04-01",64522
"A Look Inside Bill Gates Portfolio","https://www.youtube.com/watch?v=DeSwWPm7ysk","2022-02-24",30408
"Mohnish Pabrai‚Äôs Formula On How To Get Rich","https://www.youtube.com/watch?v=nQQIMgIUIwc","2022-01-31",12849
"Mohnish Pabrai Explains Why 2022 Is Similar To 1929, 1960 & 2000","https://www.youtube.com/watch?v=l06gd-V4rus","2022-01-28",294690
"Harry Dent‚Äôs Prediction: 87% Stock Market Crash To Come By March 2022","https://www.youtube.com/watch?v=xUhSi11fSyc","2022-01-19",55818
"A Look Inside Warren Buffett‚Äôs Portfolio","https://www.youtube.com/watch?v=zWhYXYrK1BI","2022-01-13",191184
"Stock Market for Beginners | Step by Step Guide (2023)","https://www.youtube.com/watch?v=3GmCHRj8oHE","2022-01-08",1114426
"The Dreadful World Of TikTok Investing Advice","https://www.youtube.com/watch?v=EZ9Tl6JxcI4","2021-12-23",11824
"The Worst Losses Seen On Wallstreetbets","https://www.youtube.com/watch?v=dyci2m7pYQU","2021-12-16",23174
"Jack Dorsey: HYPERINFLATION Is Going To CHANGE EVERYTHING. It's Happening","https://www.youtube.com/watch?v=prRlLGPqU-s","2021-12-11",25173
"Warren Buffett: Advice For Young People Who Want To Get Rich","https://www.youtube.com/watch?v=fErzHbEiQIs","2021-12-07",1388632
"Warren Buffett: 10 Books That Made Me Millions","https://www.youtube.com/watch?v=gIMSpc9XviA","2021-11-25",18651
"Michael Burry Is SELLING Most Of His STOCKS & The Reasons Behind It Are Intriguing","https://www.youtube.com/watch?v=ZqHpYF1kwK0","2021-11-18",48314
"Michael Burry‚Äôs New WARNING | MARKET CRASH, Inflation, Shorting Stocks","https://www.youtube.com/watch?v=0tUj5NLDsTA","2021-11-08",45972
"Why Warren Buffett Is Holding Cash & NOT Buying Stocks","https://www.youtube.com/watch?v=x9LNVqIMqhg","2021-10-26",70264
"Charlie Munger: 7 Secrets To Getting Rich","https://www.youtube.com/watch?v=guMSGPrh8QU","2021-09-24",322092
"How To Calculate Intrinsic Value (Full Example)","https://www.youtube.com/watch?v=d0EBO-vs0GM","2021-09-17",170520
"Charlie Munger Just Went ALL-IN On One Stock","https://www.youtube.com/watch?v=o8k3tR2fMK0","2021-09-08",129643
"Grantham: We‚Äôre In One Of The Greatest Bubbles In Financial History","https://www.youtube.com/watch?v=1mDeuxPUHR0","2021-08-28",52301
"Cathie Wood‚Äôs Warning: Deflation Vs Inflation 2021","https://www.youtube.com/watch?v=BNtu7H3qrpc","2021-08-21",44463
"Warren Buffett: 8 Mistakes Every Investor Makes","https://www.youtube.com/watch?v=xiwrpXTURY4","2021-08-17",873287
"Cathie Wood Is Buying These Stocks In 2021 Because Of Their HUGE Potential","https://www.youtube.com/watch?v=FjT6UyFvu8M","2021-08-07",23808
"The Faltering Economy Of America Leading To The Scary Rise Of China","https://www.youtube.com/watch?v=CQ89eb8WF_k","2021-07-31",19896
"Buffett: How To Invest When Stocks Are Overpriced","https://www.youtube.com/watch?v=_uBZpDfenNc","2021-07-23",191059
"Mohnish Pabrai: How To Earn A 25% Return Per Year (6 Investing Rules)","https://www.youtube.com/watch?v=y-jBPlyJR_4","2021-07-18",708279
"Is Hyperinflation Coming Soon?","https://www.youtube.com/watch?v=_RD_qFXEAWk","2021-07-10",23067
"Dividend Stocks For Beginners 2023 | Step by Step Guide","https://www.youtube.com/watch?v=WSlqQ8FuRhI","2021-07-03",39379
"Dalio: 6 Signs Of A Market Crash On Its Way","https://www.youtube.com/watch?v=ynCXHgeZ_K8","2021-06-27",222429
"The 2021 Recession: How To Prepare For The Next Market Crash","https://www.youtube.com/watch?v=tzVFrkdExnc","2021-06-17",379181
"Buffett: How To Turn Small Sums Of Money Into Large Ones","https://www.youtube.com/watch?v=m-7biMZiE5o","2021-06-12",71032
"Buffett: How Long Can Stocks Stay Overpriced (Before A Crash)","https://www.youtube.com/watch?v=VeMr0n4pvtM","2021-06-08",858006
"Bill Gates Has Sold Huge Stock Positions: A Warning To All Investors","https://www.youtube.com/watch?v=tcuIswW3B3o","2021-06-03",324508
"Billionaires Are Hoarding Gold for Reasons That May Surprise You","https://www.youtube.com/watch?v=Mu9_7WpOpLQ","2021-05-28",36391
"The Problem With The 2021 Dogecoin Bubble","https://www.youtube.com/watch?v=ehSObKJafIA","2021-05-20",15034
"Warren Buffett: Inflation Is Rife Throughout America, Do This Now!","https://www.youtube.com/watch?v=4tAMj72HHh8","2021-05-13",62103
"A Great Exchange Of Money Is Occurring & Its Consequences Are Terrifying","https://www.youtube.com/watch?v=vxDCABZvdw0","2021-05-08",89356
"A New Crisis Is Coming & The Impact That It Will Have Is Scary","https://www.youtube.com/watch?v=e2WHfZYA1KI","2021-05-01",112737
"Michael Burry Is Selling Stocks & The Factors Behind It Are Alarming","https://www.youtube.com/watch?v=KYx_BgT_Ehs","2021-04-24",371665
"Ray Dalio Sends A Warning On A Horrid Economic Collapse Ahead","https://www.youtube.com/watch?v=oZgD0Oj5TMw","2021-04-21",358836
"How To Profit From Huge Inflation Ahead (For Beginners)","https://www.youtube.com/watch?v=9AlgE3TEqLo","2021-04-17",1102581
"Warren Buffett Is Selling Out Of His Stocks & The Reasons Behind It Are Scary","https://www.youtube.com/watch?v=ZJekc8t0aFo","2021-04-10",726189
"Michael Burry Warns of An Upcoming Market Crash","https://www.youtube.com/watch?v=w-kO4BfbQu4","2021-04-03",305494
"Ray Dalio Explains Why 2021‚Äôs Economy Is Worse Than 2008","https://www.youtube.com/watch?v=KR9ZDgp69vk","2021-03-31",284599
"Bill Gates Is Selling Out Of His Stocks & The Reasons Behind It Are Frightening","https://www.youtube.com/watch?v=i0FGmnQ6MLs","2021-03-26",759118
"‚ÄúThis Is A Sign Of A Bubble‚Äù (Charlie Munger)","https://www.youtube.com/watch?v=rBi86ZQvhvI","2021-03-20",138576
"Bitcoin Cryptocurrency For Beginners 2023","https://www.youtube.com/watch?v=WO-O2K_Fqw0","2021-03-17",749971
"Cathie Wood Speaks On The ‚ÄòStock Market Bubble‚Äô","https://www.youtube.com/watch?v=G9yciyMZURM","2021-03-13",43907
"A Breakdown Of Ray Dalio‚Äôs 2021 Portfolio","https://www.youtube.com/watch?v=PB-8n53Iw_8","2021-03-10",151305
"A Deep Analysis Of Tesla Stock (Including Intrinsic Value)","https://www.youtube.com/watch?v=wbAKorMibGU","2021-03-06",37210
"How To Build A Huge Stock Portfolio In 2023","https://www.youtube.com/watch?v=85OPUKxLRGk","2021-02-27",36909
"Grantham: Invest Like This To Prepare For The Next Crash","https://www.youtube.com/watch?v=UJHhjDNWn9s","2021-02-23",134037
"Jeremy Grantham: The Next Crash Will Be Similar To 1929 / 2000","https://www.youtube.com/watch?v=uptPe6bOLWs","2021-02-19",106210
"Munger Cautions About Upcoming Stock Market Returns (2021-2031)","https://www.youtube.com/watch?v=aJGtWS5ltAs","2021-02-13",719867
"Chamath Palihapitiya: ‚ÄúBitcoin Is Going To $200k‚Äù","https://www.youtube.com/watch?v=fUT9gS6-Hhg","2021-02-09",35002
"Warren Buffett: How To Invest In Stocks For Beginners (In 2023)","https://www.youtube.com/watch?v=N6JOJqmcg_M","2021-02-06",33154
"Is The United States In Too Much Debt? (2021 Bubble)","https://www.youtube.com/watch?v=9Y76RHIVKfk","2021-02-03",59680
"Peter Lynch: Here's How To Deal With A Falling Stock","https://www.youtube.com/watch?v=u87sZkTLKsk","2021-01-29",72023
"Gerald Celente: Economic Hell On Earth Is On Its Way","https://www.youtube.com/watch?v=pudN--AGoRA","2021-01-27",385990
"A Breakdown of Chamath Palihapitiya‚Äôs 2021 Portfolio","https://www.youtube.com/watch?v=8IAwfKsWV28","2021-01-22",252246
"Cathie Wood: How To Achieve A 31% Return Per Year (4 Investing Rules)","https://www.youtube.com/watch?v=3oWizJ4g3MU","2021-01-16",48518
"The Problem With The 2021 Bitcoin Bubble","https://www.youtube.com/watch?v=aqonBXqdAgg","2021-01-12",368200
"Peter Lynch: How To Invest With Stocks At High Prices","https://www.youtube.com/watch?v=tad2l_wwnGM","2021-01-09",527902
"A Breakdown Of Warren Buffett‚Äôs 2021 Portfolio","https://www.youtube.com/watch?v=jjXT3xTNZ4I","2021-01-02",831867
"Jim Rogers: How To Survive The Economic Meltdown","https://www.youtube.com/watch?v=xZZ1V4e1jwM","2020-12-29",69413
"Jim Rickards: Prepare For The New Great Depression","https://www.youtube.com/watch?v=-cptk5y6EqY","2020-12-19",288334
"Harry Dent: 40% Stock Market Crash Coming By April (2021)","https://www.youtube.com/watch?v=lg51JrFpLzk","2020-12-16",513272
"The Great Depression: A Quick History Lesson","https://www.youtube.com/watch?v=hOwUI3IocWs","2020-12-11",22432
"How To Make Millions In The Next Market Crash","https://www.youtube.com/watch?v=DjDCg4750dw","2020-12-06",385423
"How To Tell When The Stock Market Is Overvalued","https://www.youtube.com/watch?v=f5pyy3xoadE","2020-12-01",352960
"Berkshire Is Buying Pharma Stocks & The Reasons Behind It Are Intriguing","https://www.youtube.com/watch?v=0NlPedFe-og","2020-11-27",55876
"4 Assets That Will Make You Rich In 2023","https://www.youtube.com/watch?v=52l9Gyq2lPs","2020-11-21",648973
"Warren Buffett: How You Could've Turned $114 Into $400,000","https://www.youtube.com/watch?v=Rw_ZzC2s_3E","2020-11-16",208907
"A Deep Look Into Phil Town's Portfolio","https://www.youtube.com/watch?v=TIAZn6xcXf0","2020-11-11",20302
"A Breakdown of Ray Dalio's 'Holy Grail' Strategy","https://www.youtube.com/watch?v=cjgUdyfZ-CY","2020-11-06",38016
"Ron Paul: ‚ÄúIt‚Äôs The Largest Financial Bubble In History‚Äù","https://www.youtube.com/watch?v=xr9toIxn7jQ","2020-10-29",239371
"Ray Dalio‚Äôs Dollar Crash Prediction. Here‚Äôs How It Will Happen","https://www.youtube.com/watch?v=_EUSemJjneY","2020-10-10",457417
"‚ÄúWe‚Äôre Going To Go Bankrupt‚Äù PREPARE! (Robert Kiyosaki)","https://www.youtube.com/watch?v=6YcWDPwUEgo","2020-10-05",48832
"How To Make $1000 A Month Through Dividend Investing","https://www.youtube.com/watch?v=diRgqPrfoy8","2020-10-03",381762
"Peter Lynch: How To Invest For Beginners","https://www.youtube.com/watch?v=MLIxSL1v79g","2020-09-30",554489
"Robert Kiyosaki: The Biggest Stock Market Crash Is On Us NOW!","https://www.youtube.com/watch?v=lvhnBCXag2M","2020-09-27",241204
"7 Stocks To Buy In 2021","https://www.youtube.com/watch?v=O7mPUZzlXdE","2020-09-23",65954
"Stock Market Crash 2.0: Do This Now!","https://www.youtube.com/watch?v=oPOhO_cL_uE","2020-09-18",245393
"China Is Quietly Becoming The New Superpower of the World","https://www.youtube.com/watch?v=eQjWtkdnhkg","2020-09-15",284112
"Burry Is Preparing For A Market Crash. Here's His Most Recent Investments","https://www.youtube.com/watch?v=a-NUqpwG6d8","2020-09-12",138651
"Ray Dalio Buys Big Into China & Gold: The Reasons Why Are Unsettling","https://www.youtube.com/watch?v=_49Yy0aLPdw","2020-09-08",108801
"Buffett Makes An Investment He Never Thought He Would (Gold). Here's Why...","https://www.youtube.com/watch?v=oJmN76bqiuk","2020-09-03",80558
"Buffett Continues To Sell Stocks In 2020 & The Factors Behind It Are Alarming","https://www.youtube.com/watch?v=x25kzo9XldA","2020-08-28",693474
"How The Housing Crash Will Occur","https://www.youtube.com/watch?v=bbI2B_87lp8","2020-08-25",249588
"Buffett's Favorite Indicator Sends A Warning To All Investors","https://www.youtube.com/watch?v=dexOhg3pYa0","2020-08-21",364935
"How To Invest In Stocks In 2023","https://www.youtube.com/watch?v=0y7zb1FvzTg","2020-08-17",1913551
"A Deep Look Into Cathie Wood's Portfolio (Ark Invest)","https://www.youtube.com/watch?v=Gb6EfClipoU","2020-08-12",419575
"Ray Dalio: Inflation Is Coming, Do This Now!","https://www.youtube.com/watch?v=7r_O1eDoF8Y","2020-08-07",762849
"Charlie Munger: Advice On Investing","https://www.youtube.com/watch?v=23AK6jXhJ3o","2020-08-01",37130
"THE FED IS BAILING OUT THE STOCK MARKET","https://www.youtube.com/watch?v=F0Ikzf7Hg2M","2020-07-25",55060
"Tesla Stock Is Making Investors Millionaires. Here‚Äôs How","https://www.youtube.com/watch?v=bhQUSjKLdqI","2020-07-20",46552
"Buffett Makes His First Major Investment In 2020. Here‚Äôs Why","https://www.youtube.com/watch?v=ii0LR6yziW4","2020-07-17",275945
"Bill Gates: How To Achieve A 16.5% Return Per Year","https://www.youtube.com/watch?v=tIfAL59_3C0","2020-07-11",80579
"Dalio's Frightening Words On The Stock Markets Future","https://www.youtube.com/watch?v=uGMF7Yb4Ikg","2020-07-04",280586
"When Will The Stock Market Crash?","https://www.youtube.com/watch?v=6hzolucSv3s","2020-07-01",231880
"How Much Do You Need Invested To Retire Off Dividends?","https://www.youtube.com/watch?v=NbIcUUls_m0","2020-06-27",101049
"The Truth About Tesla Stock","https://www.youtube.com/watch?v=p_dMuVtC-BI","2020-06-22",136489
"How Buffett Became A Millionaire Before The Age Of 30","https://www.youtube.com/watch?v=PkjgMXJXXkQ","2020-06-20",30839
"Why I‚Äôm Waiting For The Next Stock Market Crash","https://www.youtube.com/watch?v=WnAcu_j8vnM","2020-06-13",282814
"Why The Stock Market Is Rising But The Economy Is Falling","https://www.youtube.com/watch?v=_OPL_lFlRO0","2020-06-10",99472
"Buffett Has Been Selling Stocks In 2020: Here‚Äôs Why","https://www.youtube.com/watch?v=jyzcwr-lYWg","2020-06-06",249689
"Buffett Has Not Bought Any Stocks In 2020 & The Reasons Behind It Are Frightening","https://www.youtube.com/watch?v=y7I2SV8C2PQ","2020-05-29",1392235
"Bill Gates: How To Invest In Stocks & Build Wealth","https://www.youtube.com/watch?v=4IthdqinXVQ","2020-05-25",217791
"Charlie Munger: How To Achieve A 20% Return Per Year","https://www.youtube.com/watch?v=Dql7tvIHYlM","2020-05-16",339440
"The Upcoming Stock Market Crash Of 2020","https://www.youtube.com/watch?v=NLktrhcqzPU","2020-05-12",433204
"Warren Buffett: How To Invest For Beginners","https://www.youtube.com/watch?v=yRr0_gJ-3mI","2020-05-09",5139992
"Where To Invest $1,000 In Unpredictable Times","https://www.youtube.com/watch?v=7ZU1vfTkCfA","2020-05-02",349155
"3 Cheap Oil Stocks To Buy In 2020 (2021)","https://www.youtube.com/watch?v=-k3qNIjpdSE","2020-04-28",52975
"How John D. Rockefeller Built His Trillion Dollar Oil Business","https://www.youtube.com/watch?v=Fx1XbmPYB1w","2020-04-25",24954
"5 Recession Proof Stocks (To Buy) & Avoid The Next Market Crash","https://www.youtube.com/watch?v=vTlb-ILYOOQ","2020-04-20",58417
"Ray Dalio: This Crisis Will Be Bigger Than The 2008 Recession","https://www.youtube.com/watch?v=AtYt8Z4tOCk","2020-04-15",588330
"How Warren Buffett Made Billions From The 2008 Crisis","https://www.youtube.com/watch?v=JSAN7uE8dwI","2020-04-13",155078
"Why The 2020 Economic Collapse Is Similar To The 1929 Great Depression","https://www.youtube.com/watch?v=iHgO_nsdeoI","2020-04-08",92897
"5 Stocks For Beginners To Buy In A Stock Market Crash","https://www.youtube.com/watch?v=OGIaqNR9QkM","2020-04-05",86181
"How To Profit From A Stock Market Crash (For Beginners)","https://www.youtube.com/watch?v=sEB49y0dHnw","2020-04-03",636711
"Warren Buffett: How Not To Lose Money In The Stock Market","https://www.youtube.com/watch?v=1zWzG-Ncj50","2020-03-31",112572
"7 Stocks Down OVER 50%. Are They A Buy Now?","https://www.youtube.com/watch?v=svG3pkXda48","2020-03-28",196771
"How Long Will The 2020 Economic Collapse Last For?","https://www.youtube.com/watch?v=ijd5E0ANlcQ","2020-03-26",117506
"5 Stocks To Buy In The 2020 Stock Market Crash","https://www.youtube.com/watch?v=FTZJSQPwK-o","2020-03-22",433131
"Michael Burry Predicted The 2020 Stock Market Crash: Here‚Äôs What He‚Äôs Investing In","https://www.youtube.com/watch?v=jg1KzHYmq6w","2020-03-19",97981
"2020 Stock Market Crash: What To Do","https://www.youtube.com/watch?v=itexvYJBi30","2020-03-15",34477
"Warren Buffett: Should We Buy Stocks Now Or Wait?","https://www.youtube.com/watch?v=Tkimihccefs","2020-03-11",112693
"A Deep Look Into Gary Vee‚Äôs Portfolio","https://www.youtube.com/watch?v=9jeR6pQt4j0","2020-03-07",50618
"How To Build A Large Dividend Portfolio In 2023","https://www.youtube.com/watch?v=q3IG95iWwTU","2020-02-28",780443
"Warren Buffett: How To Achieve A 30% Return Per Year (7 Investing Rules)","https://www.youtube.com/watch?v=Ln-5bHEsqIQ","2020-02-07",1939206
"How To Make Money Online In 2020 (2021) üí∏ (6 REAL Methods)","https://www.youtube.com/watch?v=hui1Qbsxrk0","2020-01-30",7212
"Why Ray Dalio Says ‚ÄúCash Is Trash‚Äù","https://www.youtube.com/watch?v=HHav9ZFOhus","2020-01-24",273945
"The Story Of Tesla Stock (Elon Musk: Zero To Hero)","https://www.youtube.com/watch?v=BeNGTeAaN9g","2020-01-22",6552
"Top 5 Stocks To Buy In 2020","https://www.youtube.com/watch?v=exbZIQqiv1w","2020-01-01",102944
"Stock Market For Beginners (2020 - 2021)","https://www.youtube.com/watch?v=hC31lLNP7b8","2019-12-27",42580
"A Deep Look Into Michael Burry's Portfolio","https://www.youtube.com/watch?v=IMgknATxnSI","2019-12-16",78811
"Warren Buffett‚Äôs 5/25 Rule Will Be The Key To Your Success","https://www.youtube.com/watch?v=ArDKnZ1KSk0","2019-12-10",31467
"Ray Dalio: The World Has Gone Mad And The System Is Broken","https://www.youtube.com/watch?v=qP-qUZ646f8","2019-11-28",19424
"The Best Dividend Stocks To Invest In (2020-2021)","https://www.youtube.com/watch?v=YLDR-RxZCJk","2019-11-23",103467
"A Deep Look Into Jeff Bezos Portfolio","https://www.youtube.com/watch?v=lF3noBUNz7w","2019-11-18",295618
"Warren Buffett Explains How Many Stocks You Should Own In Your Portfolio","https://www.youtube.com/watch?v=bHPzQIW_pww","2019-11-07",242945
"Warren Buffett Explains The 1962 Stock Crash. Here‚Äôs Why It Matters In 2019 / 2020","https://www.youtube.com/watch?v=2Hf1TUfTtd8","2019-10-29",84745
"A Deep Look Into Charlie Mungers Portfolio","https://www.youtube.com/watch?v=YXmNoQPG4FA","2019-10-21",475144
"Why Ray Dalio Thinks The Stock Crash Of 1937 Matters In 2020/2021","https://www.youtube.com/watch?v=4UW0N0K4Ne0","2019-10-03",302943
"A Deep Look Into Bill Gates Portfolio","https://www.youtube.com/watch?v=w9LhZy7_avE","2019-09-26",952995
"Why Michael Burry Is Predicting A Stock Market Crash","https://www.youtube.com/watch?v=SqxXav1N5M0","2019-09-17",152342
"Michael Burry Predicts Another Market Crash. Here‚Äôs His Full Stock Portfolio","https://www.youtube.com/watch?v=HP8QDvjJoV8","2019-09-09",781627
"Warren Buffett Explains How To Calculate The Intrinsic Value Of A Stock","https://www.youtube.com/watch?v=TmWW7tsCuGQ","2019-09-05",893598
"A Deep Look Into Ray Dalio's Portfolio","https://www.youtube.com/watch?v=DXQXV-mNyno","2019-08-29",346949
"Passive Income: How I Make $3,200 A Month (4 Ways)","https://www.youtube.com/watch?v=vRHN-z_VrS4","2019-08-23",14333
"Upcoming Recession: How To Prepare For The Market Crash","https://www.youtube.com/watch?v=ElyhByagx1s","2019-08-20",39046
"Top 10 5G Stocks To Invest In (2021)","https://www.youtube.com/watch?v=WD5jlkCZo2o","2019-08-16",36695
"A Deep Look Into Warren Buffett's Portfolio","https://www.youtube.com/watch?v=2ceeGSkD2qk","2019-08-08",932101
"Warren Buffett Explains How To Make A 50% Return Per Year","https://www.youtube.com/watch?v=eEto5nEkf1Y","2019-08-02",962309
"Elon Musk Only Owns One Stock, Tesla. Here‚Äôs Why.","https://www.youtube.com/watch?v=owsYK3F2iL8","2019-07-26",29150
"Why Dividend Investing Is The Best Way To Invest In 2020","https://www.youtube.com/watch?v=OooCY6NTX1k","2019-07-21",50367
"Seth Klarman: How To Achieve A 20% Return Per Year (10 Investing Rules)","https://www.youtube.com/watch?v=G9xVNjJBSzg","2019-07-15",307837
"Ray Dalio Thrives In Stock Market Crashes. Here‚Äôs His All-Weather Portfolio.","https://www.youtube.com/watch?v=IyVlVjrukFo","2019-07-12",232653
"Warren Buffett Has Only Bought 5 Stocks In 2019. Here They Are.","https://www.youtube.com/watch?v=pAMolZ4_awo","2019-07-06",69290
"Tesla Stock Is On Fire üî• Q2 Vehicle Deliveries & Production","https://www.youtube.com/watch?v=vaLJlpXuEAc","2019-07-03",5698
"Top 3 Dividend Stocks Experts Are Buying (2019/2020)","https://www.youtube.com/watch?v=kXzheKdfB6Q","2019-07-01",49067
"Is Disney Stock A Buy In 2019/2020?","https://www.youtube.com/watch?v=zri2aghOHPE","2019-06-26",7585
"Top 5 Dividend Stocks To Buy In 2019/2020 üí∞","https://www.youtube.com/watch?v=MYVhRjj1V_w","2019-06-20",35324
"Why You Should Invest In Dividend Stocks","https://www.youtube.com/watch?v=u6kjBtGN-ak","2019-06-17",10848
"Nio stock is getting destroyed in 2019/2020 üìâ Time To Buy?","https://www.youtube.com/watch?v=YxNYpqzz1eM","2019-06-14",9729
"When Will Tesla Stock Rebound?","https://www.youtube.com/watch?v=4SMV7C4FMqk","2019-06-05",7878
"Baidu Stock Is Getting Destroyed! Time To Buy?","https://www.youtube.com/watch?v=cUBkv7DZaho","2019-06-03",8321
"Is It Finally Time To Buy Google Stock? (Google Stock Analysis 2019/2020)","https://www.youtube.com/watch?v=qSwOK7Y_GXA","2019-05-31",6852
"Facebook Stock Is On Fire In 2019/2020 ‚Äì Still Time To Buy?","https://www.youtube.com/watch?v=_j8bNFFShak","2019-05-29",3048
"Alibaba Stock Is Getting Destroyed! Time To Buy?","https://www.youtube.com/watch?v=z_Rvp2y29_I","2019-05-28",10306
"Here‚Äôs My Stock Market Crash Protection Strategy","https://www.youtube.com/watch?v=6yloxFSW_js","2019-05-27",5321
"Addressing The Tesla Bears... üìâ (Tesla Stock Crash 2019)","https://www.youtube.com/watch?v=1TAFRIRjYzw","2019-05-25",5056
"The Truth About Tesla Stock...","https://www.youtube.com/watch?v=SCjOTNfpA1E","2019-05-23",27054
"Microsoft Stock: Is 2019/2020 The Year To Buy Microsoft?","https://www.youtube.com/watch?v=Dj17IWbJbN4","2019-05-22",5250
"3 Stocks To Buy For June 2019/2020","https://www.youtube.com/watch?v=iSMZ7nDwHsA","2019-05-21",5624
"Tesla Stock Massive Crash üìâ What's Next For Tesla?","https://www.youtube.com/watch?v=l7XYPjICvN0","2019-05-20",7991
"Tesla Stock Falls Below $200 üìâ Next Stop $100?","https://www.youtube.com/watch?v=sSpw8X5jXfI","2019-05-20",4022
"Why I Finally Bought More Tesla Stock...","https://www.youtube.com/watch?v=Dti_sDlfvfc","2019-05-17",11599
"3 Tactics To Achieve High Returns With Your Portfolio (2019/2020)","https://www.youtube.com/watch?v=VWbeOC86zgQ","2019-05-15",4404
"Could The US China Trade War Cause A Stock Market Crash?","https://www.youtube.com/watch?v=Cpf7lK_oVfs","2019-05-14",2242
"Why Tesla Stock Could Go To $480 (By 2020)","https://www.youtube.com/watch?v=spRdjkWMRG4","2019-05-13",8846
"Should You Buy Stocks Now Or Wait Till The Next Crash?","https://www.youtube.com/watch?v=1aXnNbMfdB8","2019-05-09",5489
"Why Tesla Stock Has The Potential To Crash Big","https://www.youtube.com/watch?v=0neMyEIvbLI","2019-05-08",6497
"Amazon Stock Analysis: Is 2019/2020 The Time To Buy?","https://www.youtube.com/watch?v=GXyGnIAtEq0","2019-05-06",2683
"How I Escaped The 9 To 5 Rat Race","https://www.youtube.com/watch?v=mdnTYCFFXPI","2019-05-04",11625
"Why I‚Äôm Not Buying More Tesla Stock‚Ä¶ Yet!","https://www.youtube.com/watch?v=Kj9XHsTjDG4","2019-05-01",7171
"Stock Market Crash ‚Äì How Big Will It Be?","https://www.youtube.com/watch?v=v9GFPoLF7dE","2019-04-28",8808
"Tesla Stock Earnings, Autonomous Driving & More Big News! - Time To Buy (2019)?","https://www.youtube.com/watch?v=9Kqkb12-NUA","2019-04-25",3575
"NIO Stock Sale: Why I‚Äôm Not Buying‚Ä¶ Yet!","https://www.youtube.com/watch?v=sRYsyXtpk4w","2019-04-23",5992
"3 Stocks To Buy In May 2019/2020?","https://www.youtube.com/watch?v=DLRhRlZ-sFM","2019-04-19",6604
"Apple Stock: Is 2019/2020 The Year To Buy AAPL","https://www.youtube.com/watch?v=rZ53l4AeLO8","2019-04-18",6095
"3 Stocks To Buy For Beginners (2019/2020)","https://www.youtube.com/watch?v=9CwT8VDtx8s","2019-04-16",3555
"Facebook Shareholders Try To FIRE Mark Zuckerberg","https://www.youtube.com/watch?v=AufMJ0287kE","2019-04-15",1783
"Alibaba Stock: Why I‚Äôm Buying Big Into BABA (2019/2020)","https://www.youtube.com/watch?v=2b4VUsGg9u0","2019-04-12",9668
"US-China Trade War: What Investors Need To Know!","https://www.youtube.com/watch?v=xbafMtCz1lM","2019-04-10",1676
"Lyft Stock Analysis: Is Lyft Stock A Buy? (2019/2020)","https://www.youtube.com/watch?v=H9Hd5p8OA3o","2019-04-09",2632
"Warren Buffett: How To Think About Stocks","https://www.youtube.com/watch?v=UepOz4vk6Yk","2019-04-07",3438
"3 Chinese Stocks To Buy (2019/2020)","https://www.youtube.com/watch?v=rlBZKcuMOUk","2019-04-05",15250
"Nio Stocks Massive Crash: What Happened & What‚Äôs Next?","https://www.youtube.com/watch?v=KOSiy58qsmY","2019-04-03",5280
"Why I Decided To Sell Out Of All My Stocks","https://www.youtube.com/watch?v=CURbdNNZBZY","2019-04-02",8305
"Why I‚Äôm Buying Chinese Stocks (2019/2020)","https://www.youtube.com/watch?v=VEtTGdOuvow","2019-04-01",5115
"Warren Buffett - ‚ÄúThe Economy Is Slowing Down‚Äù","https://www.youtube.com/watch?v=syjxeyn0z_M","2019-03-31",4735
"Why Investing Is The Most Important Thing To Learn In Your 20‚Äôs","https://www.youtube.com/watch?v=o0zPAiwTfrE","2019-03-28",2677
"Stock Market Crash: How To Protect Your Portfolio","https://www.youtube.com/watch?v=QJGD7f2WGco","2019-03-26",5058
"Why I Decided To Buy Into Tesla Stock","https://www.youtube.com/watch?v=edcizq6B5aE","2019-03-24",8524
"Yield Curve Inverts: Recession Ahead?","https://www.youtube.com/watch?v=cJQTw1waBlg","2019-03-23",6961
"Will Berkshire Hathaway Perform When Warren Buffett Dies?","https://www.youtube.com/watch?v=1Pc2I0czOIM","2019-03-21",4281
"Tesla Stock: Time To Buy? (2019/2020 Stock Analysis)","https://www.youtube.com/watch?v=isDb3g7DAHs","2019-03-19",8018
"Facebook Stock: Is 2019/2020 the Time to Buy into Facebook (Stock Analysis)","https://www.youtube.com/watch?v=gRuOxxnfWcg","2019-03-17",4185
"Is It Time To Buy NIO Stock In 2019/2020? ‚Äì (NIO Stock Analysis)","https://www.youtube.com/watch?v=NJ07QOhcHa8","2019-03-13",7537
"Peter Lynch: How To Achieve A 29% Return Per Year (9 Investing Rules)","https://www.youtube.com/watch?v=IhnfqbIiGC4","2019-03-12",106521
"6 Legit Side Jobs To Make Extra Money (2019)","https://www.youtube.com/watch?v=V_yU5Q7FHfA","2019-03-11",1847
"A Look Into Carl Icahns Stock Portfolio For 2019/2020","https://www.youtube.com/watch?v=gqve5Yqo2Ps","2019-03-07",17710
"Warren Buffetts Best Investing Advice Ever Given","https://www.youtube.com/watch?v=djXXOfrOYgw","2019-03-05",4708
"3 Stocks I‚Äôm Buying In 2019!","https://www.youtube.com/watch?v=4LRICVouHxI","2019-02-28",5195
"Warren Buffett: On How To Pick Stocks and Invest Properly","https://www.youtube.com/watch?v=YANlHHaBp8k","2019-02-26",1753724
"How I Make $1,285 of Passive Income a month (2 Ways)","https://www.youtube.com/watch?v=fbl87fSlFDI","2019-02-24",20024
"Top five 5G Stocks to Buy in (2019/2020)","https://www.youtube.com/watch?v=rQ98_vnYaUo","2019-02-22",55548
"5 Safest Investments For 2019/2020","https://www.youtube.com/watch?v=IVJCyV5Ebfw","2019-02-20",7255
"Stock Market Crash Coming End Of 2019? üìâ","https://www.youtube.com/watch?v=FsA3O9bfa1Q","2019-02-18",10092
"George Soros Top 10 Stock Picks For 2019/2020!","https://www.youtube.com/watch?v=Xy4RpwaGcHo","2019-02-15",7033
"7 Things I Would Never Waste Money On (In 2019)","https://www.youtube.com/watch?v=8cdWDZX2diw","2019-02-14",1935
"Top 5 Value Stocks To Buy In 2019!","https://www.youtube.com/watch?v=M4MhMfpqWmc","2019-02-12",4634
"Is General Electric Stock Finally A Buy? (2019/2020) ‚Äì GE Stock Analysis","https://www.youtube.com/watch?v=ZQMhNKib9wo","2019-02-11",3871
"When To Buy A Stock Exactly","https://www.youtube.com/watch?v=ZCWQkHeFC50","2019-02-09",5642
"Bill Gates Top 10 Stock Picks For 2019! üí°","https://www.youtube.com/watch?v=B8WDUCP8usk","2019-02-06",16756
"Top 5 Growth Stocks For 2019 üìàüëÜ","https://www.youtube.com/watch?v=M1kDOWvhm3M","2019-02-01",11509
"Is Tesla Stock A Buy In 2019? üëÄ Tesla Stock Analysis üìà","https://www.youtube.com/watch?v=DppGHfKJVZ8","2019-01-31",7353
"5 WAYS TO STOP LIVING PAYCHECK TO PAYCHECK","https://www.youtube.com/watch?v=sL6LbZYi7X8","2019-01-22",1210
"üìà Netflix Stock Analysis - Going Deep Into NFLX Stock üìà","https://www.youtube.com/watch?v=sjNmx8b-zrA","2019-01-19",5213
"5 Stocks To DOMINATE In 2019 üìà","https://www.youtube.com/watch?v=RGeR0diwukA","2019-01-15",13858
"Top 5 Dividend Yield Stocks For 2019 üí∏","https://www.youtube.com/watch?v=KPuICGKgm-s","2019-01-11",30447
"Why Buffett Will Buy Big Into Apple Stock In 2019 ‚úÖ","https://www.youtube.com/watch?v=s37IMiPNxIs","2019-01-09",3685
"THE BEST WAY TO INVEST $100 IN 2019 üí∏","https://www.youtube.com/watch?v=gu4iRXZNfTE","2019-01-08",1201
"JEREMY‚ÄôS VIDEOS ARE A WASTE OF TIME!?? #FINANCIAL EDUCATION","https://www.youtube.com/watch?v=HODVbAY2qRw","2019-01-06",3204
"Stock Market For Beginners 2019 üìà","https://www.youtube.com/watch?v=IuXHzlKvbYQ","2019-01-05",1892
"TOP 5 ETF‚ÄôS FOR 2019","https://www.youtube.com/watch?v=9-uCdLJp0-0","2019-01-03",5767
"What Stocks Is Warren Buffett Buying In 2019? üìä","https://www.youtube.com/watch?v=26PWWInsEp4","2019-01-01",2861
"Warren Buffett's Top 10 Stock Picks For 2019/2020! üí°","https://www.youtube.com/watch?v=lCjYeQl5Itg","2018-12-27",250294
"üíö 3 Stocks To Buy In January 2019? üíö","https://www.youtube.com/watch?v=P_qTB59r73M","2018-12-21",2731
"Fed Raise Interest Rates ‚§¥Ô∏è Prepare For A Stock Market Crash 2019","https://www.youtube.com/watch?v=j1BxbiAvLSs","2018-12-20",2451
"üïë Is Amazon Stock A Buy In 2019/2020 ‚ùì Amazon Stock Analysis üïë","https://www.youtube.com/watch?v=r-SSn10Kp20","2018-12-18",5373
"5 Defensive Stocks For 2019","https://www.youtube.com/watch?v=gZWYXXBdCKU","2018-12-16",2460
"Lyft & Uber IPO 2019/2020 ‚Äì Should We Buy Lyft or Uber Stock 2019?","https://www.youtube.com/watch?v=F4XDIyscA5c","2018-12-14",6238
"5 Stocks On Sale For 2019 | 5 Discounted Stocks For 2019!","https://www.youtube.com/watch?v=08mnJJ5jzAc","2018-12-11",4228
"üìà Apple Stock Analysis - Going Deep Into AAPL Stock üìà","https://www.youtube.com/watch?v=4aPC5F8GU6k","2018-12-10",3785
"How To Invest In Individual Stocks 2019 üìà","https://www.youtube.com/watch?v=PnCdt81KYgc","2018-12-08",1930
"Is Nvidia Stock A Buy? üìà Nvidia Stock Analysis","https://www.youtube.com/watch?v=MZbwzFmMKic","2018-12-06",3266
"The Great Fall of Bitcoin üìâ Is Bitcoin A Buy In 2019 ‚ùì","https://www.youtube.com/watch?v=qh1vttCWseI","2018-12-02",1126
"5 Dividend Stocks For 2019 üí∏üí∞","https://www.youtube.com/watch?v=so_PfXqEKZU","2018-11-29",7864
"How To Prepare For A Stock Market Crash In 2019 üìâ","https://www.youtube.com/watch?v=TgiXx09yM7s","2018-11-25",4465
"A Stock Market Crash Coming In 2019 üìâ","https://www.youtube.com/watch?v=Qa4UhBfQf8g","2018-11-24",12300
"3 Stocks To Buy In December 2018","https://www.youtube.com/watch?v=Lcvon_s2Y3A","2018-11-21",5737
"STOCKS ARE DOWN BIG üìâü§î - Stock Crash 2018","https://www.youtube.com/watch?v=Q8IsZaysAPg","2018-11-20",1551
"What Stocks Is Warren Buffett Buying? (2018) üìä","https://www.youtube.com/watch?v=Rm9oCj2nmes","2018-11-17",2678
"The Crash of Apple Stock üìâ","https://www.youtube.com/watch?v=fAbwvZ8zceM","2018-11-15",2785
"How To Prepare For An Economic Collapse üìâ","https://www.youtube.com/watch?v=uHuPazUioQY","2018-11-14",4596
"The Downfall Of Amazon Stock üìâ Is Amazon a Buy ‚ùìü§î","https://www.youtube.com/watch?v=1LN0sSyVPPo","2018-11-01",2798
"What To Do In A Stock Market Crash? üìâ","https://www.youtube.com/watch?v=jjkymRony_c","2018-10-30",1357
"Will Stocks Crash or Stay As A Correction? üìâ","https://www.youtube.com/watch?v=heWZNyQxvGM","2018-10-28",2858
"How To Invest $1000 in 2019 üìàüí∏","https://www.youtube.com/watch?v=dZ3zxNY4C_w","2018-10-27",3839
"üìà Is Micron Stock A Buy ‚ùì Micron Stock Analysis üìà","https://www.youtube.com/watch?v=wascNdPL4FY","2018-10-23",2832
"3 Stocks To Buy In November 2018?","https://www.youtube.com/watch?v=4sAlG7bQGJw","2018-10-21",6926
"How To Prepare for A Stock Market Crash with GOLD üìâüîî","https://www.youtube.com/watch?v=sf0wyLnPNng","2018-10-16",5073
"Why I'm Buying Chinese Stocks üíπ„äôÔ∏è","https://www.youtube.com/watch?v=qKB0JgaLPSo","2018-10-12",8034
"The Stock Market Is Crashing ‚ùì Tech Stocks Down Huge üìâ","https://www.youtube.com/watch?v=8AvnpLba0qY","2018-10-11",2139
"üìà IQIYI Stock Analysis - Going Deep Into IQ Stock üìà","https://www.youtube.com/watch?v=XOXzO1wcfwk","2018-10-07",4299
"üîªTesla Stock Crashes üìâ Elon Musk Charged With Fraud by SEC üîª","https://www.youtube.com/watch?v=uR-sUfUuswI","2018-09-29",1198
"üïì Is JD Stock A Buy ‚ùì JD.com Stock Analysis üïî","https://www.youtube.com/watch?v=ISm8mE3i1eU","2018-09-28",11242
"3 Stocks To Buy In October 2018?","https://www.youtube.com/watch?v=7mIUlrjs2hQ","2018-09-22",14646
"üî¥ The Stock Market Will Crash In 2020 üìâ According To Ray Dalio & JP Morgan üî¥","https://www.youtube.com/watch?v=rJAbZgsUuRE","2018-09-20",11382
"üàØ Is NIO Stock A Buy ‚ùì NIO Stock Analysis (Tesla Of China) üàØ","https://www.youtube.com/watch?v=UW7WYDVSL2E","2018-09-15",25526
"‚ùì Should Elon Musk Step Down As CEO Of Tesla? ‚ùì","https://www.youtube.com/watch?v=i3a7lWwIrdw","2018-09-11",575
"Jack Ma Leaving Alibaba - Time To Sell? üïê","https://www.youtube.com/watch?v=jUItEolTRds","2018-09-09",3574
"Tesla Stock Drops After Elon Musk Podcast With Joe Rogan","https://www.youtube.com/watch?v=bRqfXUWPjtU","2018-09-08",2080
"üìà Google Stock Analysis ‚Äì Going Deep Into GOOG Stock üìà","https://www.youtube.com/watch?v=CSVG9JLJook","2018-09-07",7198
"MAKE MONEY AS A KSI OR LOGAN PAUL FAN üí∏","https://www.youtube.com/watch?v=E7eCsvEK_3E","2018-08-24",366
"Why I‚Äôm Buying Alibaba Stock","https://www.youtube.com/watch?v=TTPpbgtsUZQ","2018-08-23",4647
"üìà Baidu Stock Analysis ‚Äì Going Deep Into BIDU Stock üìà","https://www.youtube.com/watch?v=7-_Pkp2ahqI","2018-08-21",4951
"üìà Alibaba Stock Analysis ‚Äì Going Deep Into BABA Stock üìà","https://www.youtube.com/watch?v=fNOE1oyKVpk","2018-08-14",18634
"üê¶Why I'm Not Buying Twitter Stock üê¶","https://www.youtube.com/watch?v=K0tu7ZPmnZ8","2018-08-05",1143
"Is Facebook Stock A Buy ‚ùì Going Deep Into Facebook Stock üìà","https://www.youtube.com/watch?v=nRuZofaevws","2018-08-03",8007
"üí° Why I'm Buying Facebook Stock üí°","https://www.youtube.com/watch?v=EnFLKWcnJYM","2018-07-29",3869
"5 Stocks To Crash Proof Your Portfolio üìà","https://www.youtube.com/watch?v=MuaHU2dtVWE","2018-07-25",7766
"WHY I LIKE JEREMY FROM FINANCIAL EDUCATION","https://www.youtube.com/watch?v=IagPlRci7mk","2018-07-20",914
"üåé 3 Stocks To Buy In August 2018? üåé","https://www.youtube.com/watch?v=gj8Ba9ENRDU","2018-07-19",5596
"JEFF BEZOS NO LONGER FOCUSED ON AMAZON?","https://www.youtube.com/watch?v=kOTI9ai4DX0","2018-07-15",1466
"INVESTING IN AMAZON STOCK üìà What You Need To Know About Amazon","https://www.youtube.com/watch?v=7FNsafmsBVE","2018-07-13",1212
"High Growth Stock On Sale üìà (Feat. Hamish Hodder)","https://www.youtube.com/watch?v=HswaRmNcNio","2018-07-12",1700
"Should You Buy Tesla Stock?","https://www.youtube.com/watch?v=5_QMBa3djfs","2018-07-05",3499
"STOCK MARKET CRASH üìà HOW TO BE PREPARED","https://www.youtube.com/watch?v=VTq67Ys0fRA","2018-07-03",1998
"Is Starbucks Stock A Buy In 2018/2019?","https://www.youtube.com/watch?v=sIm3Bb-ENPc","2018-06-28",22210
"WHY STARBUCKS STOCK IS THE OPPOSITE OF GARBAGE","https://www.youtube.com/watch?v=yEh0Qvvwxck","2018-06-24",4773
"3 Stocks To Buy In July 2018?","https://www.youtube.com/watch?v=zwOaB1ktWcI","2018-06-21",3643
"Cooper Academy vs Ryan Scribner & Financial Education","https://www.youtube.com/watch?v=GMuZKAnwuGA","2018-06-19",1469
"3 Stocks To Buy In India?","https://www.youtube.com/watch?v=1NRD3nrME-s","2018-06-17",1818
"How to Invest in the Indian Stock Market ‚Äì Beginners Guide To Investing In India 2018/2019","https://www.youtube.com/watch?v=PzGrl5z3PYk","2018-06-13",2232
"Investing In China‚Äôs Largest Stock üìà Tencent","https://www.youtube.com/watch?v=cogk4iL-4VU","2018-06-10",3822
"Investing In Australia","https://www.youtube.com/watch?v=evVsEbqLymo","2018-06-04",1077
"Is Netflix Stock A Buy In 2018/2019?","https://www.youtube.com/watch?v=y8-YACW9rxU","2018-05-26",1237
"3 Stocks To Buy In June 2018?","https://www.youtube.com/watch?v=eFBShdLC6Uo","2018-05-22",4165
"The Best Way To Invest In Your 20s","https://www.youtube.com/watch?v=-nPBs5nCEbI","2018-05-21",1001
"RYAN SCRIBNER VS FINANCIAL EDUCATION","https://www.youtube.com/watch?v=6O2ICjgXBhU","2018-05-15",4528
"INVEST LIKE WARREN BUFFETT OR ELON MUSK?","https://www.youtube.com/watch?v=Yqgebq7l05M","2018-05-12",1101
"Is Amazon Stock A Buy In 2018/2019? üìà INVESTING IN AMAZON STOCK","https://www.youtube.com/watch?v=HOSI69gKZs8","2018-05-09",22764
"STOCK MARKET CRASH ‚Äì HOW TO BE PREPARED üìâ","https://www.youtube.com/watch?v=GqagWiGg1g8","2018-05-04",991
"Facebook, Google & Microsoft‚Äôs Earnings - Earnings Reports 2018","https://www.youtube.com/watch?v=hmiODO9aFbU","2018-05-01",330
"Is APPLE Stock A Buy In 2018/2019? üìà INVESTING IN APPLE STOCK","https://www.youtube.com/watch?v=9fzaOU-hKUU","2018-04-30",3574
"3 Stocks To Buy In May 2018?","https://www.youtube.com/watch?v=R8KR-yNff8Q","2018-04-18",6529
"THE BEST WAY‚ÄôS TO EARN PASSIVE INCOME üí∞ Top 3 Passive Income Ideas 2018/2019","https://www.youtube.com/watch?v=BHE3NKg6ycc","2018-04-13",1145
"Investing In Warren Buffet‚Äôs Berkshire Hathaway üìà Is Berkshire Hathaway Stock A Buy In 2018/2019?","https://www.youtube.com/watch?v=XEBOJc9Lk8E","2018-04-07",5263
"The BEST INVESTORS On A STOCK MARKET CRASH In 2018/2019 üìâ","https://www.youtube.com/watch?v=4w5KVF6uhwI","2018-04-04",1355
"Will The Stock Market Crash In 2018/2019? üìâ (Analysis)","https://www.youtube.com/watch?v=L1rrksIIVqM","2018-03-31",3498
"Will The Stock Market Crash In 2018/2019? üìâ","https://www.youtube.com/watch?v=vk-Y_6VNHK4","2018-03-24",1099
"3 Stocks To Buy In April 2018?","https://www.youtube.com/watch?v=TldVoPOn83U","2018-03-18",13266
"Is PEPSI Stock A Buy In 2018/2019? ü•§ INVESTING IN PEPSI STOCK","https://www.youtube.com/watch?v=kzRo7xNBedk","2018-03-15",4325
"Is Coca Cola Stock A Buy In 2018/2019 üìà Investing In Coca Cola","https://www.youtube.com/watch?v=PBuFPx_t7cM","2018-03-14",16719
"üí´ Spotify Stock Analysis 2018/2019 - Is Spotify Stock A Buy üí´","https://www.youtube.com/watch?v=_dyL7wqtcIA","2018-03-13",918
"What Stock Am I Buying? March 2018 üí≤","https://www.youtube.com/watch?v=7afzUNBchs4","2018-03-10",498
"BEST STOCKS TO INVEST IN 2018/2019! üìà","https://www.youtube.com/watch?v=2GepC0PcwQY","2018-03-04",980
"3 Stocks To Buy In March 2018","https://www.youtube.com/watch?v=0S-x2wjSBVE","2018-02-19",6094
"ARE STOCKS FINALLY ON SALE?üõíWhat To Do With A Stock Market Crash Or Correction! „ÄΩÔ∏è","https://www.youtube.com/watch?v=TpxpydUeVQM","2018-02-13",552
"The Stock Market Crashing üìâ Dow Jones Fall üêª","https://www.youtube.com/watch?v=6Dem_h6HwZQ","2018-02-08",678
"10 DIVIDEND STOCKS FOR 2018/2019 üíµ TOP 10 DIVIDEND STOCKS FOR 2018/2019","https://www.youtube.com/watch?v=AIwfWeyQcRU","2018-02-05",3417
"HOW TO INVEST $100 IN 2018/2019","https://www.youtube.com/watch?v=KOIHixu7llI","2018-02-03",569
"THE BEST ETFs FOR 2018/2019","https://www.youtube.com/watch?v=xjdqTZXlDOA","2018-02-01",1483
"INVESTING IN GoPro STOCK üìà Is GoPro Stock A Buy In 2018/2019?","https://www.youtube.com/watch?v=IirvgO5T28w","2018-01-27",1642
"üìâThe Stock Market Crash In 2018 ü§î","https://www.youtube.com/watch?v=XnGJLNwWRtc","2018-01-25",904
"THE BIG 100","https://www.youtube.com/watch?v=x6psisbvUm8","2018-01-25",268
"3 Ways to Make Money Online in 2018 üí∞ How To Make Money Online In 2018","https://www.youtube.com/watch?v=5DW1QeA7zKY","2018-01-23",887
"3 Stocks To Buy In February 2018","https://www.youtube.com/watch?v=bSypp43iniI","2018-01-18",5155
"3 Financial Mistakes You Will Make In 2018","https://www.youtube.com/watch?v=xgHjk9fnLsk","2018-01-16",905
"How To Get Rich In A Stock Market Crash or Recession 2018 üí∞","https://www.youtube.com/watch?v=187AjJ7gdYU","2018-01-11",4208
"Is Nvidia Stock A Buy In 2018? üìà","https://www.youtube.com/watch?v=1jlhnKW50Us","2018-01-09",3861
"Is McDonald‚Äôs Stock A Buy In 2018?","https://www.youtube.com/watch?v=JIjkMBpgGlA","2018-01-02",3095
"3 Stocks To Buy in January 2018","https://www.youtube.com/watch?v=Q3k5D-bCeoE","2017-12-28",1692
"Is Goldman Sachs Stock A Buy In 2018?","https://www.youtube.com/watch?v=2zum464Oa2w","2017-12-26",938
"Is Tesla Stock A Buy In 2018?","https://www.youtube.com/watch?v=oVAyrT_L0nw","2017-12-24",7189
"3 Stocks To Buy In December 2017","https://www.youtube.com/watch?v=7iadsLwEDTk","2017-12-01",698
"HOW TO SAVE MONEY LIVING PAYCHECK TO PAYCHECK","https://www.youtube.com/watch?v=mQ5Q_im1Qvc","2017-11-29",1750
"Personal Finance 101","https://www.youtube.com/watch?v=nxVVmzpg2g0","2017-11-27",14467
